﻿<?xml version="1.0"?>
<doc>
<assembly>
<name>
Planilla
</name>
</assembly>
<members>
<member name="T:Planilla.My.Resources.Resources">
<summary>
  Clase de recurso fuertemente tipado, para buscar cadenas traducidas, etc.
</summary>
</member>
<member name="P:Planilla.My.Resources.Resources.ResourceManager">
<summary>
  Devuelve la instancia de ResourceManager almacenada en caché utilizada por esta clase.
</summary>
</member>
<member name="P:Planilla.My.Resources.Resources.Culture">
<summary>
  Reemplaza la propiedad CurrentUICulture del subproceso actual para todas las
  búsquedas de recursos mediante esta clase de recurso fuertemente tipado.
</summary>
</member>
<member name="P:Planilla.My.Resources.Resources.login">
<summary>
  Busca un recurso adaptado de tipo System.Drawing.Bitmap.
</summary>
</member>
<member name="P:Planilla.My.Resources.Resources.suvesa_logo">
<summary>
  Busca un recurso adaptado de tipo System.Drawing.Bitmap.
</summary>
</member>
<member name="P:Planilla.My.Resources.Resources.wallpaper2you_290966">
<summary>
  Busca un recurso adaptado de tipo System.Drawing.Bitmap.
</summary>
</member>
<member name="T:Planilla.DsConfiguracion">
<summary>
Represents a strongly typed in-memory cache of data.
</summary>
</member>
<member name="T:Planilla.DsConfiguracion.configuracionesDataTable">
<summary>
Represents the strongly named DataTable class.
</summary>
</member>
<member name="T:Planilla.DsConfiguracion.DepartamentoDataTable">
<summary>
Represents the strongly named DataTable class.
</summary>
</member>
<member name="T:Planilla.DsConfiguracion.Planilla_DetalleDataTable">
<summary>
Represents the strongly named DataTable class.
</summary>
</member>
<member name="T:Planilla.DsConfiguracion.configuracionesRow">
<summary>
Represents strongly named DataRow class.
</summary>
</member>
<member name="T:Planilla.DsConfiguracion.DepartamentoRow">
<summary>
Represents strongly named DataRow class.
</summary>
</member>
<member name="T:Planilla.DsConfiguracion.Planilla_DetalleRow">
<summary>
Represents strongly named DataRow class.
</summary>
</member>
<member name="T:Planilla.DsConfiguracion.configuracionesRowChangeEvent">
<summary>
Row event argument class
</summary>
</member>
<member name="T:Planilla.DsConfiguracion.DepartamentoRowChangeEvent">
<summary>
Row event argument class
</summary>
</member>
<member name="T:Planilla.DsConfiguracion.Planilla_DetalleRowChangeEvent">
<summary>
Row event argument class
</summary>
</member>
<member name="T:Planilla.DsReportes">
<summary>
Represents a strongly typed in-memory cache of data.
</summary>
</member>
<member name="T:Planilla.DsReportes.AdelantosDataTable">
<summary>
Represents the strongly named DataTable class.
</summary>
</member>
<member name="T:Planilla.DsReportes.DeduccionesDataTable">
<summary>
Represents the strongly named DataTable class.
</summary>
</member>
<member name="T:Planilla.DsReportes.EmpleadoDataTable">
<summary>
Represents the strongly named DataTable class.
</summary>
</member>
<member name="T:Planilla.DsReportes.Empleado_DeduccionesDataTable">
<summary>
Represents the strongly named DataTable class.
</summary>
</member>
<member name="T:Planilla.DsReportes.HorasTrabajadasDataTable">
<summary>
Represents the strongly named DataTable class.
</summary>
</member>
<member name="T:Planilla.DsReportes.ParametroRentaDataTable">
<summary>
Represents the strongly named DataTable class.
</summary>
</member>
<member name="T:Planilla.DsReportes.PlanillaDataTable">
<summary>
Represents the strongly named DataTable class.
</summary>
</member>
<member name="T:Planilla.DsReportes.Planilla_DeduccionesDataTable">
<summary>
Represents the strongly named DataTable class.
</summary>
</member>
<member name="T:Planilla.DsReportes.Planilla_DetalleDataTable">
<summary>
Represents the strongly named DataTable class.
</summary>
</member>
<member name="T:Planilla.DsReportes.AccionDataTable">
<summary>
Represents the strongly named DataTable class.
</summary>
</member>
<member name="T:Planilla.DsReportes.MonedaDataTable">
<summary>
Represents the strongly named DataTable class.
</summary>
</member>
<member name="T:Planilla.DsReportes.AdelantosRow">
<summary>
Represents strongly named DataRow class.
</summary>
</member>
<member name="T:Planilla.DsReportes.DeduccionesRow">
<summary>
Represents strongly named DataRow class.
</summary>
</member>
<member name="T:Planilla.DsReportes.EmpleadoRow">
<summary>
Represents strongly named DataRow class.
</summary>
</member>
<member name="T:Planilla.DsReportes.Empleado_DeduccionesRow">
<summary>
Represents strongly named DataRow class.
</summary>
</member>
<member name="T:Planilla.DsReportes.HorasTrabajadasRow">
<summary>
Represents strongly named DataRow class.
</summary>
</member>
<member name="T:Planilla.DsReportes.ParametroRentaRow">
<summary>
Represents strongly named DataRow class.
</summary>
</member>
<member name="T:Planilla.DsReportes.PlanillaRow">
<summary>
Represents strongly named DataRow class.
</summary>
</member>
<member name="T:Planilla.DsReportes.Planilla_DeduccionesRow">
<summary>
Represents strongly named DataRow class.
</summary>
</member>
<member name="T:Planilla.DsReportes.Planilla_DetalleRow">
<summary>
Represents strongly named DataRow class.
</summary>
</member>
<member name="T:Planilla.DsReportes.AccionRow">
<summary>
Represents strongly named DataRow class.
</summary>
</member>
<member name="T:Planilla.DsReportes.MonedaRow">
<summary>
Represents strongly named DataRow class.
</summary>
</member>
<member name="T:Planilla.DsReportes.AdelantosRowChangeEvent">
<summary>
Row event argument class
</summary>
</member>
<member name="T:Planilla.DsReportes.DeduccionesRowChangeEvent">
<summary>
Row event argument class
</summary>
</member>
<member name="T:Planilla.DsReportes.EmpleadoRowChangeEvent">
<summary>
Row event argument class
</summary>
</member>
<member name="T:Planilla.DsReportes.Empleado_DeduccionesRowChangeEvent">
<summary>
Row event argument class
</summary>
</member>
<member name="T:Planilla.DsReportes.HorasTrabajadasRowChangeEvent">
<summary>
Row event argument class
</summary>
</member>
<member name="T:Planilla.DsReportes.ParametroRentaRowChangeEvent">
<summary>
Row event argument class
</summary>
</member>
<member name="T:Planilla.DsReportes.PlanillaRowChangeEvent">
<summary>
Row event argument class
</summary>
</member>
<member name="T:Planilla.DsReportes.Planilla_DeduccionesRowChangeEvent">
<summary>
Row event argument class
</summary>
</member>
<member name="T:Planilla.DsReportes.Planilla_DetalleRowChangeEvent">
<summary>
Row event argument class
</summary>
</member>
<member name="T:Planilla.DsReportes.AccionRowChangeEvent">
<summary>
Row event argument class
</summary>
</member>
<member name="T:Planilla.DsReportes.MonedaRowChangeEvent">
<summary>
Row event argument class
</summary>
</member>
<member name="T:Planilla.DataSetAccionPersonal">
<summary>
Represents a strongly typed in-memory cache of data.
</summary>
</member>
<member name="T:Planilla.DataSetAccionPersonal.EmpleadoDataTable">
<summary>
Represents the strongly named DataTable class.
</summary>
</member>
<member name="T:Planilla.DataSetAccionPersonal.AccionDataTable">
<summary>
Represents the strongly named DataTable class.
</summary>
</member>
<member name="T:Planilla.DataSetAccionPersonal.AccionPersonalDataTable">
<summary>
Represents the strongly named DataTable class.
</summary>
</member>
<member name="T:Planilla.DataSetAccionPersonal.EmpleadoRow">
<summary>
Represents strongly named DataRow class.
</summary>
</member>
<member name="T:Planilla.DataSetAccionPersonal.AccionRow">
<summary>
Represents strongly named DataRow class.
</summary>
</member>
<member name="T:Planilla.DataSetAccionPersonal.AccionPersonalRow">
<summary>
Represents strongly named DataRow class.
</summary>
</member>
<member name="T:Planilla.DataSetAccionPersonal.EmpleadoRowChangeEvent">
<summary>
Row event argument class
</summary>
</member>
<member name="T:Planilla.DataSetAccionPersonal.AccionRowChangeEvent">
<summary>
Row event argument class
</summary>
</member>
<member name="T:Planilla.DataSetAccionPersonal.AccionPersonalRowChangeEvent">
<summary>
Row event argument class
</summary>
</member>
<member name="T:Planilla.DataSetBuscaAccionPersonal">
<summary>
Represents a strongly typed in-memory cache of data.
</summary>
</member>
<member name="T:Planilla.DataSetBuscaAccionPersonal.AccionPersonalDataTable">
<summary>
Represents the strongly named DataTable class.
</summary>
</member>
<member name="T:Planilla.DataSetBuscaAccionPersonal.AccionDataTable">
<summary>
Represents the strongly named DataTable class.
</summary>
</member>
<member name="T:Planilla.DataSetBuscaAccionPersonal.EmpleadoDataTable">
<summary>
Represents the strongly named DataTable class.
</summary>
</member>
<member name="T:Planilla.DataSetBuscaAccionPersonal.AccionPersonalRow">
<summary>
Represents strongly named DataRow class.
</summary>
</member>
<member name="T:Planilla.DataSetBuscaAccionPersonal.AccionRow">
<summary>
Represents strongly named DataRow class.
</summary>
</member>
<member name="T:Planilla.DataSetBuscaAccionPersonal.EmpleadoRow">
<summary>
Represents strongly named DataRow class.
</summary>
</member>
<member name="T:Planilla.DataSetBuscaAccionPersonal.AccionPersonalRowChangeEvent">
<summary>
Row event argument class
</summary>
</member>
<member name="T:Planilla.DataSetBuscaAccionPersonal.AccionRowChangeEvent">
<summary>
Row event argument class
</summary>
</member>
<member name="T:Planilla.DataSetBuscaAccionPersonal.EmpleadoRowChangeEvent">
<summary>
Row event argument class
</summary>
</member>
<member name="T:Planilla.DsUsuario">
<summary>
Represents a strongly typed in-memory cache of data.
</summary>
</member>
<member name="T:Planilla.DsUsuario.UsuariosDataTable">
<summary>
Represents the strongly named DataTable class.
</summary>
</member>
<member name="T:Planilla.DsUsuario.UsuariosRow">
<summary>
Represents strongly named DataRow class.
</summary>
</member>
<member name="T:Planilla.DsUsuario.UsuariosRowChangeEvent">
<summary>
Row event argument class
</summary>
</member>
<member name="T:Planilla.DataSetAccion">
<summary>
Represents a strongly typed in-memory cache of data.
</summary>
</member>
<member name="T:Planilla.DataSetAccion.EmpleadoDataTable">
<summary>
Represents the strongly named DataTable class.
</summary>
</member>
<member name="T:Planilla.DataSetAccion.UsuariosDataTable">
<summary>
Represents the strongly named DataTable class.
</summary>
</member>
<member name="T:Planilla.DataSetAccion.AccionDataTable">
<summary>
Represents the strongly named DataTable class.
</summary>
</member>
<member name="T:Planilla.DataSetAccion.EmpleadoRow">
<summary>
Represents strongly named DataRow class.
</summary>
</member>
<member name="T:Planilla.DataSetAccion.UsuariosRow">
<summary>
Represents strongly named DataRow class.
</summary>
</member>
<member name="T:Planilla.DataSetAccion.AccionRow">
<summary>
Represents strongly named DataRow class.
</summary>
</member>
<member name="T:Planilla.DataSetAccion.EmpleadoRowChangeEvent">
<summary>
Row event argument class
</summary>
</member>
<member name="T:Planilla.DataSetAccion.UsuariosRowChangeEvent">
<summary>
Row event argument class
</summary>
</member>
<member name="T:Planilla.DataSetAccion.AccionRowChangeEvent">
<summary>
Row event argument class
</summary>
</member>
<member name="T:Planilla.DataSetBuscaAccion">
<summary>
Represents a strongly typed in-memory cache of data.
</summary>
</member>
<member name="T:Planilla.DataSetBuscaAccion.AccionDataTable">
<summary>
Represents the strongly named DataTable class.
</summary>
</member>
<member name="T:Planilla.DataSetBuscaAccion.AccionRow">
<summary>
Represents strongly named DataRow class.
</summary>
</member>
<member name="T:Planilla.DataSetBuscaAccion.AccionRowChangeEvent">
<summary>
Row event argument class
</summary>
</member>
<member name="T:Planilla.dsAdelantos">
<summary>
Represents a strongly typed in-memory cache of data.
</summary>
</member>
<member name="T:Planilla.dsAdelantos.MonedaDataTable">
<summary>
Represents the strongly named DataTable class.
</summary>
</member>
<member name="T:Planilla.dsAdelantos.AdelantosDataTable">
<summary>
Represents the strongly named DataTable class.
</summary>
</member>
<member name="T:Planilla.dsAdelantos.MonedaRow">
<summary>
Represents strongly named DataRow class.
</summary>
</member>
<member name="T:Planilla.dsAdelantos.AdelantosRow">
<summary>
Represents strongly named DataRow class.
</summary>
</member>
<member name="T:Planilla.dsAdelantos.MonedaRowChangeEvent">
<summary>
Row event argument class
</summary>
</member>
<member name="T:Planilla.dsAdelantos.AdelantosRowChangeEvent">
<summary>
Row event argument class
</summary>
</member>
<member name="T:Planilla.dsAumentos">
<summary>
Represents a strongly typed in-memory cache of data.
</summary>
</member>
<member name="T:Planilla.dsAumentos.AumentosDataTable">
<summary>
Represents the strongly named DataTable class.
</summary>
</member>
<member name="T:Planilla.dsAumentos.EmpleadoDataTable">
<summary>
Represents the strongly named DataTable class.
</summary>
</member>
<member name="T:Planilla.dsAumentos.AumentosRow">
<summary>
Represents strongly named DataRow class.
</summary>
</member>
<member name="T:Planilla.dsAumentos.EmpleadoRow">
<summary>
Represents strongly named DataRow class.
</summary>
</member>
<member name="T:Planilla.dsAumentos.AumentosRowChangeEvent">
<summary>
Row event argument class
</summary>
</member>
<member name="T:Planilla.dsAumentos.EmpleadoRowChangeEvent">
<summary>
Row event argument class
</summary>
</member>
<member name="T:Planilla.DataSet_HorasOrdinarias">
<summary>
Represents a strongly typed in-memory cache of data.
</summary>
</member>
<member name="T:Planilla.DataSet_HorasOrdinarias.Horas_OrdinariasDataTable">
<summary>
Represents the strongly named DataTable class.
</summary>
</member>
<member name="T:Planilla.DataSet_HorasOrdinarias.Horas_OrdinariasRow">
<summary>
Represents strongly named DataRow class.
</summary>
</member>
<member name="T:Planilla.DataSet_HorasOrdinarias.Horas_OrdinariasRowChangeEvent">
<summary>
Row event argument class
</summary>
</member>
<member name="T:Planilla.DatasetFormaPago">
<summary>
Represents a strongly typed in-memory cache of data.
</summary>
</member>
<member name="T:Planilla.DatasetFormaPago.FormaPagoDataTable">
<summary>
Represents the strongly named DataTable class.
</summary>
</member>
<member name="T:Planilla.DatasetFormaPago.FormaPagoRow">
<summary>
Represents strongly named DataRow class.
</summary>
</member>
<member name="T:Planilla.DatasetFormaPago.FormaPagoRowChangeEvent">
<summary>
Row event argument class
</summary>
</member>
<member name="T:Planilla.DsModificaPlanilla">
<summary>
Represents a strongly typed in-memory cache of data.
</summary>
</member>
<member name="T:Planilla.DsModificaPlanilla.PlanillaDataTable">
<summary>
Represents the strongly named DataTable class.
</summary>
</member>
<member name="T:Planilla.DsModificaPlanilla.Planilla_DetalleDataTable">
<summary>
Represents the strongly named DataTable class.
</summary>
</member>
<member name="T:Planilla.DsModificaPlanilla.DeduccionesDataTable">
<summary>
Represents the strongly named DataTable class.
</summary>
</member>
<member name="T:Planilla.DsModificaPlanilla.Planilla_DeduccionesDataTable">
<summary>
Represents the strongly named DataTable class.
</summary>
</member>
<member name="T:Planilla.DsModificaPlanilla.AdelantosDataTable">
<summary>
Represents the strongly named DataTable class.
</summary>
</member>
<member name="T:Planilla.DsModificaPlanilla.AccionPersonalDataTable">
<summary>
Represents the strongly named DataTable class.
</summary>
</member>
<member name="T:Planilla.DsModificaPlanilla.MonedaDataTable">
<summary>
Represents the strongly named DataTable class.
</summary>
</member>
<member name="T:Planilla.DsModificaPlanilla.Empleado_DeduccionesDataTable">
<summary>
Represents the strongly named DataTable class.
</summary>
</member>
<member name="T:Planilla.DsModificaPlanilla.ParametroRentaDataTable">
<summary>
Represents the strongly named DataTable class.
</summary>
</member>
<member name="T:Planilla.DsModificaPlanilla.Adelantos_DetalleDataTable">
<summary>
Represents the strongly named DataTable class.
</summary>
</member>
<member name="T:Planilla.DsModificaPlanilla.EmpleadoDataTable">
<summary>
Represents the strongly named DataTable class.
</summary>
</member>
<member name="T:Planilla.DsModificaPlanilla.PlanillaRow">
<summary>
Represents strongly named DataRow class.
</summary>
</member>
<member name="T:Planilla.DsModificaPlanilla.Planilla_DetalleRow">
<summary>
Represents strongly named DataRow class.
</summary>
</member>
<member name="T:Planilla.DsModificaPlanilla.DeduccionesRow">
<summary>
Represents strongly named DataRow class.
</summary>
</member>
<member name="T:Planilla.DsModificaPlanilla.Planilla_DeduccionesRow">
<summary>
Represents strongly named DataRow class.
</summary>
</member>
<member name="T:Planilla.DsModificaPlanilla.AdelantosRow">
<summary>
Represents strongly named DataRow class.
</summary>
</member>
<member name="T:Planilla.DsModificaPlanilla.AccionPersonalRow">
<summary>
Represents strongly named DataRow class.
</summary>
</member>
<member name="T:Planilla.DsModificaPlanilla.MonedaRow">
<summary>
Represents strongly named DataRow class.
</summary>
</member>
<member name="T:Planilla.DsModificaPlanilla.Empleado_DeduccionesRow">
<summary>
Represents strongly named DataRow class.
</summary>
</member>
<member name="T:Planilla.DsModificaPlanilla.ParametroRentaRow">
<summary>
Represents strongly named DataRow class.
</summary>
</member>
<member name="T:Planilla.DsModificaPlanilla.Adelantos_DetalleRow">
<summary>
Represents strongly named DataRow class.
</summary>
</member>
<member name="T:Planilla.DsModificaPlanilla.EmpleadoRow">
<summary>
Represents strongly named DataRow class.
</summary>
</member>
<member name="T:Planilla.DsModificaPlanilla.PlanillaRowChangeEvent">
<summary>
Row event argument class
</summary>
</member>
<member name="T:Planilla.DsModificaPlanilla.Planilla_DetalleRowChangeEvent">
<summary>
Row event argument class
</summary>
</member>
<member name="T:Planilla.DsModificaPlanilla.DeduccionesRowChangeEvent">
<summary>
Row event argument class
</summary>
</member>
<member name="T:Planilla.DsModificaPlanilla.Planilla_DeduccionesRowChangeEvent">
<summary>
Row event argument class
</summary>
</member>
<member name="T:Planilla.DsModificaPlanilla.AdelantosRowChangeEvent">
<summary>
Row event argument class
</summary>
</member>
<member name="T:Planilla.DsModificaPlanilla.AccionPersonalRowChangeEvent">
<summary>
Row event argument class
</summary>
</member>
<member name="T:Planilla.DsModificaPlanilla.MonedaRowChangeEvent">
<summary>
Row event argument class
</summary>
</member>
<member name="T:Planilla.DsModificaPlanilla.Empleado_DeduccionesRowChangeEvent">
<summary>
Row event argument class
</summary>
</member>
<member name="T:Planilla.DsModificaPlanilla.ParametroRentaRowChangeEvent">
<summary>
Row event argument class
</summary>
</member>
<member name="T:Planilla.DsModificaPlanilla.Adelantos_DetalleRowChangeEvent">
<summary>
Row event argument class
</summary>
</member>
<member name="T:Planilla.DsModificaPlanilla.EmpleadoRowChangeEvent">
<summary>
Row event argument class
</summary>
</member>
<member name="T:Planilla.DsPagoAutomatico">
<summary>
Represents a strongly typed in-memory cache of data.
</summary>
</member>
<member name="T:Planilla.DsPagoAutomatico.BancosDataTable">
<summary>
Represents the strongly named DataTable class.
</summary>
</member>
<member name="T:Planilla.DsPagoAutomatico.Cuentas_bancariasDataTable">
<summary>
Represents the strongly named DataTable class.
</summary>
</member>
<member name="T:Planilla.DsPagoAutomatico.TestKeyDataTable">
<summary>
Represents the strongly named DataTable class.
</summary>
</member>
<member name="T:Planilla.DsPagoAutomatico.BancosRow">
<summary>
Represents strongly named DataRow class.
</summary>
</member>
<member name="T:Planilla.DsPagoAutomatico.Cuentas_bancariasRow">
<summary>
Represents strongly named DataRow class.
</summary>
</member>
<member name="T:Planilla.DsPagoAutomatico.TestKeyRow">
<summary>
Represents strongly named DataRow class.
</summary>
</member>
<member name="T:Planilla.DsPagoAutomatico.BancosRowChangeEvent">
<summary>
Row event argument class
</summary>
</member>
<member name="T:Planilla.DsPagoAutomatico.Cuentas_bancariasRowChangeEvent">
<summary>
Row event argument class
</summary>
</member>
<member name="T:Planilla.DsPagoAutomatico.TestKeyRowChangeEvent">
<summary>
Row event argument class
</summary>
</member>
<member name="T:Planilla.DsEmplead">
<summary>
Represents a strongly typed in-memory cache of data.
</summary>
</member>
<member name="T:Planilla.DsEmplead.EmpleadoDataTable">
<summary>
Represents the strongly named DataTable class.
</summary>
</member>
<member name="T:Planilla.DsEmplead.EmpleadoRow">
<summary>
Represents strongly named DataRow class.
</summary>
</member>
<member name="T:Planilla.DsEmplead.EmpleadoRowChangeEvent">
<summary>
Row event argument class
</summary>
</member>
<member name="T:Planilla.DsMarcas">
<summary>
Represents a strongly typed in-memory cache of data.
</summary>
</member>
<member name="T:Planilla.DsMarcas.CHECKINOUTDataTable">
<summary>
Represents the strongly named DataTable class.
</summary>
</member>
<member name="T:Planilla.DsMarcas.CHECKINOUTRow">
<summary>
Represents strongly named DataRow class.
</summary>
</member>
<member name="T:Planilla.DsMarcas.CHECKINOUTRowChangeEvent">
<summary>
Row event argument class
</summary>
</member>
<member name="T:Planilla.DsControl">
<summary>
Represents a strongly typed in-memory cache of data.
</summary>
</member>
<member name="T:Planilla.DsControl.Planilla_DetalleDataTable">
<summary>
Represents the strongly named DataTable class.
</summary>
</member>
<member name="T:Planilla.DsControl.Planilla_DeduccionesDataTable">
<summary>
Represents the strongly named DataTable class.
</summary>
</member>
<member name="T:Planilla.DsControl.MonedaDataTable">
<summary>
Represents the strongly named DataTable class.
</summary>
</member>
<member name="T:Planilla.DsControl.AccionPersonalDataTable">
<summary>
Represents the strongly named DataTable class.
</summary>
</member>
<member name="T:Planilla.DsControl.HorasTrabajadasDataTable">
<summary>
Represents the strongly named DataTable class.
</summary>
</member>
<member name="T:Planilla.DsControl.Empleado_DeduccionesDataTable">
<summary>
Represents the strongly named DataTable class.
</summary>
</member>
<member name="T:Planilla.DsControl.DeduccionesDataTable">
<summary>
Represents the strongly named DataTable class.
</summary>
</member>
<member name="T:Planilla.DsControl.AdelantosDataTable">
<summary>
Represents the strongly named DataTable class.
</summary>
</member>
<member name="T:Planilla.DsControl.ParametroRentaDataTable">
<summary>
Represents the strongly named DataTable class.
</summary>
</member>
<member name="T:Planilla.DsControl.EmpleadoDataTable">
<summary>
Represents the strongly named DataTable class.
</summary>
</member>
<member name="T:Planilla.DsControl.Horas_OrdinariasDataTable">
<summary>
Represents the strongly named DataTable class.
</summary>
</member>
<member name="T:Planilla.DsControl.Empleado_ProyectoDataTable">
<summary>
Represents the strongly named DataTable class.
</summary>
</member>
<member name="T:Planilla.DsControl.ProyectoDataTable">
<summary>
Represents the strongly named DataTable class.
</summary>
</member>
<member name="T:Planilla.DsControl.PlanillaDataTable">
<summary>
Represents the strongly named DataTable class.
</summary>
</member>
<member name="T:Planilla.DsControl.Adelantos_DetalleDataTable">
<summary>
Represents the strongly named DataTable class.
</summary>
</member>
<member name="T:Planilla.DsControl.Planilla_DetalleRow">
<summary>
Represents strongly named DataRow class.
</summary>
</member>
<member name="T:Planilla.DsControl.Planilla_DeduccionesRow">
<summary>
Represents strongly named DataRow class.
</summary>
</member>
<member name="T:Planilla.DsControl.MonedaRow">
<summary>
Represents strongly named DataRow class.
</summary>
</member>
<member name="T:Planilla.DsControl.AccionPersonalRow">
<summary>
Represents strongly named DataRow class.
</summary>
</member>
<member name="T:Planilla.DsControl.HorasTrabajadasRow">
<summary>
Represents strongly named DataRow class.
</summary>
</member>
<member name="T:Planilla.DsControl.Empleado_DeduccionesRow">
<summary>
Represents strongly named DataRow class.
</summary>
</member>
<member name="T:Planilla.DsControl.DeduccionesRow">
<summary>
Represents strongly named DataRow class.
</summary>
</member>
<member name="T:Planilla.DsControl.AdelantosRow">
<summary>
Represents strongly named DataRow class.
</summary>
</member>
<member name="T:Planilla.DsControl.ParametroRentaRow">
<summary>
Represents strongly named DataRow class.
</summary>
</member>
<member name="T:Planilla.DsControl.EmpleadoRow">
<summary>
Represents strongly named DataRow class.
</summary>
</member>
<member name="T:Planilla.DsControl.Horas_OrdinariasRow">
<summary>
Represents strongly named DataRow class.
</summary>
</member>
<member name="T:Planilla.DsControl.Empleado_ProyectoRow">
<summary>
Represents strongly named DataRow class.
</summary>
</member>
<member name="T:Planilla.DsControl.ProyectoRow">
<summary>
Represents strongly named DataRow class.
</summary>
</member>
<member name="T:Planilla.DsControl.PlanillaRow">
<summary>
Represents strongly named DataRow class.
</summary>
</member>
<member name="T:Planilla.DsControl.Adelantos_DetalleRow">
<summary>
Represents strongly named DataRow class.
</summary>
</member>
<member name="T:Planilla.DsControl.Planilla_DetalleRowChangeEvent">
<summary>
Row event argument class
</summary>
</member>
<member name="T:Planilla.DsControl.Planilla_DeduccionesRowChangeEvent">
<summary>
Row event argument class
</summary>
</member>
<member name="T:Planilla.DsControl.MonedaRowChangeEvent">
<summary>
Row event argument class
</summary>
</member>
<member name="T:Planilla.DsControl.AccionPersonalRowChangeEvent">
<summary>
Row event argument class
</summary>
</member>
<member name="T:Planilla.DsControl.HorasTrabajadasRowChangeEvent">
<summary>
Row event argument class
</summary>
</member>
<member name="T:Planilla.DsControl.Empleado_DeduccionesRowChangeEvent">
<summary>
Row event argument class
</summary>
</member>
<member name="T:Planilla.DsControl.DeduccionesRowChangeEvent">
<summary>
Row event argument class
</summary>
</member>
<member name="T:Planilla.DsControl.AdelantosRowChangeEvent">
<summary>
Row event argument class
</summary>
</member>
<member name="T:Planilla.DsControl.ParametroRentaRowChangeEvent">
<summary>
Row event argument class
</summary>
</member>
<member name="T:Planilla.DsControl.EmpleadoRowChangeEvent">
<summary>
Row event argument class
</summary>
</member>
<member name="T:Planilla.DsControl.Horas_OrdinariasRowChangeEvent">
<summary>
Row event argument class
</summary>
</member>
<member name="T:Planilla.DsControl.Empleado_ProyectoRowChangeEvent">
<summary>
Row event argument class
</summary>
</member>
<member name="T:Planilla.DsControl.ProyectoRowChangeEvent">
<summary>
Row event argument class
</summary>
</member>
<member name="T:Planilla.DsControl.PlanillaRowChangeEvent">
<summary>
Row event argument class
</summary>
</member>
<member name="T:Planilla.DsControl.Adelantos_DetalleRowChangeEvent">
<summary>
Row event argument class
</summary>
</member>
<member name="T:Planilla.DsEmpleadoHoras">
<summary>
Represents a strongly typed in-memory cache of data.
</summary>
</member>
<member name="T:Planilla.DsEmpleadoHoras.EmpleadoDataTable">
<summary>
Represents the strongly named DataTable class.
</summary>
</member>
<member name="T:Planilla.DsEmpleadoHoras.Empleado_ProyectoDataTable">
<summary>
Represents the strongly named DataTable class.
</summary>
</member>
<member name="T:Planilla.DsEmpleadoHoras.HorasTrabajadasDataTable">
<summary>
Represents the strongly named DataTable class.
</summary>
</member>
<member name="T:Planilla.DsEmpleadoHoras.EmpleadoRow">
<summary>
Represents strongly named DataRow class.
</summary>
</member>
<member name="T:Planilla.DsEmpleadoHoras.Empleado_ProyectoRow">
<summary>
Represents strongly named DataRow class.
</summary>
</member>
<member name="T:Planilla.DsEmpleadoHoras.HorasTrabajadasRow">
<summary>
Represents strongly named DataRow class.
</summary>
</member>
<member name="T:Planilla.DsEmpleadoHoras.EmpleadoRowChangeEvent">
<summary>
Row event argument class
</summary>
</member>
<member name="T:Planilla.DsEmpleadoHoras.Empleado_ProyectoRowChangeEvent">
<summary>
Row event argument class
</summary>
</member>
<member name="T:Planilla.DsEmpleadoHoras.HorasTrabajadasRowChangeEvent">
<summary>
Row event argument class
</summary>
</member>
<member name="T:Planilla.dsPlanilla">
<summary>
Represents a strongly typed in-memory cache of data.
</summary>
</member>
<member name="T:Planilla.dsPlanilla.AdelantoPruebaDataTable">
<summary>
Represents the strongly named DataTable class.
</summary>
</member>
<member name="T:Planilla.dsPlanilla.ConsultaSaldosDataTable">
<summary>
Represents the strongly named DataTable class.
</summary>
</member>
<member name="T:Planilla.dsPlanilla.Facturas_CobrarDataTable">
<summary>
Represents the strongly named DataTable class.
</summary>
</member>
<member name="T:Planilla.dsPlanilla.abonoccobrarDataTable">
<summary>
Represents the strongly named DataTable class.
</summary>
</member>
<member name="T:Planilla.dsPlanilla.AccionPersonalDataTable">
<summary>
Represents the strongly named DataTable class.
</summary>
</member>
<member name="T:Planilla.dsPlanilla.AdelantosDataTable">
<summary>
Represents the strongly named DataTable class.
</summary>
</member>
<member name="T:Planilla.dsPlanilla.Adelantos_DetalleDataTable">
<summary>
Represents the strongly named DataTable class.
</summary>
</member>
<member name="T:Planilla.dsPlanilla.DeduccionesDataTable">
<summary>
Represents the strongly named DataTable class.
</summary>
</member>
<member name="T:Planilla.dsPlanilla.detalle_abonoccobrarDataTable">
<summary>
Represents the strongly named DataTable class.
</summary>
</member>
<member name="T:Planilla.dsPlanilla.EmpleadoDataTable">
<summary>
Represents the strongly named DataTable class.
</summary>
</member>
<member name="T:Planilla.dsPlanilla.Empleado_DeduccionesDataTable">
<summary>
Represents the strongly named DataTable class.
</summary>
</member>
<member name="T:Planilla.dsPlanilla.Horas_OrdinariasDataTable">
<summary>
Represents the strongly named DataTable class.
</summary>
</member>
<member name="T:Planilla.dsPlanilla.HorasTrabajadasDataTable">
<summary>
Represents the strongly named DataTable class.
</summary>
</member>
<member name="T:Planilla.dsPlanilla.MonedaDataTable">
<summary>
Represents the strongly named DataTable class.
</summary>
</member>
<member name="T:Planilla.dsPlanilla.ParametroRentaDataTable">
<summary>
Represents the strongly named DataTable class.
</summary>
</member>
<member name="T:Planilla.dsPlanilla.PlanillaDataTable">
<summary>
Represents the strongly named DataTable class.
</summary>
</member>
<member name="T:Planilla.dsPlanilla.Planilla_DeduccionesDataTable">
<summary>
Represents the strongly named DataTable class.
</summary>
</member>
<member name="T:Planilla.dsPlanilla.Planilla_DetalleDataTable">
<summary>
Represents the strongly named DataTable class.
</summary>
</member>
<member name="T:Planilla.dsPlanilla.Deduccion_EmpleadoDataTable">
<summary>
Represents the strongly named DataTable class.
</summary>
</member>
<member name="T:Planilla.dsPlanilla.AdelantoPruebaRow">
<summary>
Represents strongly named DataRow class.
</summary>
</member>
<member name="T:Planilla.dsPlanilla.ConsultaSaldosRow">
<summary>
Represents strongly named DataRow class.
</summary>
</member>
<member name="T:Planilla.dsPlanilla.Facturas_CobrarRow">
<summary>
Represents strongly named DataRow class.
</summary>
</member>
<member name="T:Planilla.dsPlanilla.abonoccobrarRow">
<summary>
Represents strongly named DataRow class.
</summary>
</member>
<member name="T:Planilla.dsPlanilla.AccionPersonalRow">
<summary>
Represents strongly named DataRow class.
</summary>
</member>
<member name="T:Planilla.dsPlanilla.AdelantosRow">
<summary>
Represents strongly named DataRow class.
</summary>
</member>
<member name="T:Planilla.dsPlanilla.Adelantos_DetalleRow">
<summary>
Represents strongly named DataRow class.
</summary>
</member>
<member name="T:Planilla.dsPlanilla.DeduccionesRow">
<summary>
Represents strongly named DataRow class.
</summary>
</member>
<member name="T:Planilla.dsPlanilla.detalle_abonoccobrarRow">
<summary>
Represents strongly named DataRow class.
</summary>
</member>
<member name="T:Planilla.dsPlanilla.EmpleadoRow">
<summary>
Represents strongly named DataRow class.
</summary>
</member>
<member name="T:Planilla.dsPlanilla.Empleado_DeduccionesRow">
<summary>
Represents strongly named DataRow class.
</summary>
</member>
<member name="T:Planilla.dsPlanilla.Horas_OrdinariasRow">
<summary>
Represents strongly named DataRow class.
</summary>
</member>
<member name="T:Planilla.dsPlanilla.HorasTrabajadasRow">
<summary>
Represents strongly named DataRow class.
</summary>
</member>
<member name="T:Planilla.dsPlanilla.MonedaRow">
<summary>
Represents strongly named DataRow class.
</summary>
</member>
<member name="T:Planilla.dsPlanilla.ParametroRentaRow">
<summary>
Represents strongly named DataRow class.
</summary>
</member>
<member name="T:Planilla.dsPlanilla.PlanillaRow">
<summary>
Represents strongly named DataRow class.
</summary>
</member>
<member name="T:Planilla.dsPlanilla.Planilla_DeduccionesRow">
<summary>
Represents strongly named DataRow class.
</summary>
</member>
<member name="T:Planilla.dsPlanilla.Planilla_DetalleRow">
<summary>
Represents strongly named DataRow class.
</summary>
</member>
<member name="T:Planilla.dsPlanilla.Deduccion_EmpleadoRow">
<summary>
Represents strongly named DataRow class.
</summary>
</member>
<member name="T:Planilla.dsPlanilla.AdelantoPruebaRowChangeEvent">
<summary>
Row event argument class
</summary>
</member>
<member name="T:Planilla.dsPlanilla.ConsultaSaldosRowChangeEvent">
<summary>
Row event argument class
</summary>
</member>
<member name="T:Planilla.dsPlanilla.Facturas_CobrarRowChangeEvent">
<summary>
Row event argument class
</summary>
</member>
<member name="T:Planilla.dsPlanilla.abonoccobrarRowChangeEvent">
<summary>
Row event argument class
</summary>
</member>
<member name="T:Planilla.dsPlanilla.AccionPersonalRowChangeEvent">
<summary>
Row event argument class
</summary>
</member>
<member name="T:Planilla.dsPlanilla.AdelantosRowChangeEvent">
<summary>
Row event argument class
</summary>
</member>
<member name="T:Planilla.dsPlanilla.Adelantos_DetalleRowChangeEvent">
<summary>
Row event argument class
</summary>
</member>
<member name="T:Planilla.dsPlanilla.DeduccionesRowChangeEvent">
<summary>
Row event argument class
</summary>
</member>
<member name="T:Planilla.dsPlanilla.detalle_abonoccobrarRowChangeEvent">
<summary>
Row event argument class
</summary>
</member>
<member name="T:Planilla.dsPlanilla.EmpleadoRowChangeEvent">
<summary>
Row event argument class
</summary>
</member>
<member name="T:Planilla.dsPlanilla.Empleado_DeduccionesRowChangeEvent">
<summary>
Row event argument class
</summary>
</member>
<member name="T:Planilla.dsPlanilla.Horas_OrdinariasRowChangeEvent">
<summary>
Row event argument class
</summary>
</member>
<member name="T:Planilla.dsPlanilla.HorasTrabajadasRowChangeEvent">
<summary>
Row event argument class
</summary>
</member>
<member name="T:Planilla.dsPlanilla.MonedaRowChangeEvent">
<summary>
Row event argument class
</summary>
</member>
<member name="T:Planilla.dsPlanilla.ParametroRentaRowChangeEvent">
<summary>
Row event argument class
</summary>
</member>
<member name="T:Planilla.dsPlanilla.PlanillaRowChangeEvent">
<summary>
Row event argument class
</summary>
</member>
<member name="T:Planilla.dsPlanilla.Planilla_DeduccionesRowChangeEvent">
<summary>
Row event argument class
</summary>
</member>
<member name="T:Planilla.dsPlanilla.Planilla_DetalleRowChangeEvent">
<summary>
Row event argument class
</summary>
</member>
<member name="T:Planilla.dsPlanilla.Deduccion_EmpleadoRowChangeEvent">
<summary>
Row event argument class
</summary>
</member>
<member name="T:Planilla.dsPlanilla2">
<summary>
Represents a strongly typed in-memory cache of data.
</summary>
</member>
<member name="T:Planilla.dsPlanilla2.Adelantos_DetalleDataTable">
<summary>
Represents the strongly named DataTable class.
</summary>
</member>
<member name="T:Planilla.dsPlanilla2.Adelantos_DetalleRow">
<summary>
Represents strongly named DataRow class.
</summary>
</member>
<member name="T:Planilla.dsPlanilla2.Adelantos_DetalleRowChangeEvent">
<summary>
Row event argument class
</summary>
</member>
<member name="T:Planilla.DsProyecto">
<summary>
Represents a strongly typed in-memory cache of data.
</summary>
</member>
<member name="T:Planilla.DsProyecto.ProyectoDataTable">
<summary>
Represents the strongly named DataTable class.
</summary>
</member>
<member name="T:Planilla.DsProyecto.ProyectoRow">
<summary>
Represents strongly named DataRow class.
</summary>
</member>
<member name="T:Planilla.DsProyecto.ProyectoRowChangeEvent">
<summary>
Row event argument class
</summary>
</member>
<member name="T:Planilla.DsProyectoHoras">
<summary>
Represents a strongly typed in-memory cache of data.
</summary>
</member>
<member name="T:Planilla.DsProyectoHoras.ProyectoDataTable">
<summary>
Represents the strongly named DataTable class.
</summary>
</member>
<member name="T:Planilla.DsProyectoHoras.ProyectoRow">
<summary>
Represents strongly named DataRow class.
</summary>
</member>
<member name="T:Planilla.DsProyectoHoras.ProyectoRowChangeEvent">
<summary>
Row event argument class
</summary>
</member>
<member name="T:Planilla.DsReporte">
<summary>
Represents a strongly typed in-memory cache of data.
</summary>
</member>
<member name="T:Planilla.DsReporte.PlanillaDataTable">
<summary>
Represents the strongly named DataTable class.
</summary>
</member>
<member name="T:Planilla.DsReporte.PlanillaRow">
<summary>
Represents strongly named DataRow class.
</summary>
</member>
<member name="T:Planilla.DsReporte.PlanillaRowChangeEvent">
<summary>
Row event argument class
</summary>
</member>
<member name="T:Planilla.DsReportePlanilla">
<summary>
Represents a strongly typed in-memory cache of data.
</summary>
</member>
<member name="T:Planilla.DsReportePlanilla.MonedaDataTable">
<summary>
Represents the strongly named DataTable class.
</summary>
</member>
<member name="T:Planilla.DsReportePlanilla.MonedaRow">
<summary>
Represents strongly named DataRow class.
</summary>
</member>
<member name="T:Planilla.DsReportePlanilla.MonedaRowChangeEvent">
<summary>
Row event argument class
</summary>
</member>
<member name="T:Planilla.Deduccion">
<summary>
Represents a strongly typed in-memory cache of data.
</summary>
</member>
<member name="T:Planilla.Deduccion.MonedaDataTable">
<summary>
Represents the strongly named DataTable class.
</summary>
</member>
<member name="T:Planilla.Deduccion.Empleado_DeduccionesDataTable">
<summary>
Represents the strongly named DataTable class.
</summary>
</member>
<member name="T:Planilla.Deduccion.EmpleadoDataTable">
<summary>
Represents the strongly named DataTable class.
</summary>
</member>
<member name="T:Planilla.Deduccion.Deducciones1DataTable">
<summary>
Represents the strongly named DataTable class.
</summary>
</member>
<member name="T:Planilla.Deduccion.DeduccionesDataTable">
<summary>
Represents the strongly named DataTable class.
</summary>
</member>
<member name="T:Planilla.Deduccion.MonedaRow">
<summary>
Represents strongly named DataRow class.
</summary>
</member>
<member name="T:Planilla.Deduccion.Empleado_DeduccionesRow">
<summary>
Represents strongly named DataRow class.
</summary>
</member>
<member name="T:Planilla.Deduccion.EmpleadoRow">
<summary>
Represents strongly named DataRow class.
</summary>
</member>
<member name="T:Planilla.Deduccion.Deducciones1Row">
<summary>
Represents strongly named DataRow class.
</summary>
</member>
<member name="T:Planilla.Deduccion.DeduccionesRow">
<summary>
Represents strongly named DataRow class.
</summary>
</member>
<member name="T:Planilla.Deduccion.MonedaRowChangeEvent">
<summary>
Row event argument class
</summary>
</member>
<member name="T:Planilla.Deduccion.Empleado_DeduccionesRowChangeEvent">
<summary>
Row event argument class
</summary>
</member>
<member name="T:Planilla.Deduccion.EmpleadoRowChangeEvent">
<summary>
Row event argument class
</summary>
</member>
<member name="T:Planilla.Deduccion.Deducciones1RowChangeEvent">
<summary>
Row event argument class
</summary>
</member>
<member name="T:Planilla.Deduccion.DeduccionesRowChangeEvent">
<summary>
Row event argument class
</summary>
</member>
<member name="T:Planilla.dsDepartamento">
<summary>
Represents a strongly typed in-memory cache of data.
</summary>
</member>
<member name="T:Planilla.dsDepartamento.DepartamentoDataTable">
<summary>
Represents the strongly named DataTable class.
</summary>
</member>
<member name="T:Planilla.dsDepartamento.DepartamentoRow">
<summary>
Represents strongly named DataRow class.
</summary>
</member>
<member name="T:Planilla.dsDepartamento.DepartamentoRowChangeEvent">
<summary>
Row event argument class
</summary>
</member>
<member name="T:Planilla.DsEmpleado">
<summary>
Represents a strongly typed in-memory cache of data.
</summary>
</member>
<member name="T:Planilla.DsEmpleado.NacionalidadDataTable">
<summary>
Represents the strongly named DataTable class.
</summary>
</member>
<member name="T:Planilla.DsEmpleado.DepartamentoDataTable">
<summary>
Represents the strongly named DataTable class.
</summary>
</member>
<member name="T:Planilla.DsEmpleado.MonedaDataTable">
<summary>
Represents the strongly named DataTable class.
</summary>
</member>
<member name="T:Planilla.DsEmpleado.Moneda2DataTable">
<summary>
Represents the strongly named DataTable class.
</summary>
</member>
<member name="T:Planilla.DsEmpleado.Empleado_AcademicoDataTable">
<summary>
Represents the strongly named DataTable class.
</summary>
</member>
<member name="T:Planilla.DsEmpleado.Empleado_LicenciasDataTable">
<summary>
Represents the strongly named DataTable class.
</summary>
</member>
<member name="T:Planilla.DsEmpleado.DistribucionContableDataTable">
<summary>
Represents the strongly named DataTable class.
</summary>
</member>
<member name="T:Planilla.DsEmpleado.EmpleadoDistribucionContableDataTable">
<summary>
Represents the strongly named DataTable class.
</summary>
</member>
<member name="T:Planilla.DsEmpleado.Estado_EmpleadoDataTable">
<summary>
Represents the strongly named DataTable class.
</summary>
</member>
<member name="T:Planilla.DsEmpleado.Empleado_DeduccionesDataTable">
<summary>
Represents the strongly named DataTable class.
</summary>
</member>
<member name="T:Planilla.DsEmpleado.EmpleadoDataTable">
<summary>
Represents the strongly named DataTable class.
</summary>
</member>
<member name="T:Planilla.DsEmpleado.NacionalidadRow">
<summary>
Represents strongly named DataRow class.
</summary>
</member>
<member name="T:Planilla.DsEmpleado.DepartamentoRow">
<summary>
Represents strongly named DataRow class.
</summary>
</member>
<member name="T:Planilla.DsEmpleado.MonedaRow">
<summary>
Represents strongly named DataRow class.
</summary>
</member>
<member name="T:Planilla.DsEmpleado.Moneda2Row">
<summary>
Represents strongly named DataRow class.
</summary>
</member>
<member name="T:Planilla.DsEmpleado.Empleado_AcademicoRow">
<summary>
Represents strongly named DataRow class.
</summary>
</member>
<member name="T:Planilla.DsEmpleado.Empleado_LicenciasRow">
<summary>
Represents strongly named DataRow class.
</summary>
</member>
<member name="T:Planilla.DsEmpleado.DistribucionContableRow">
<summary>
Represents strongly named DataRow class.
</summary>
</member>
<member name="T:Planilla.DsEmpleado.EmpleadoDistribucionContableRow">
<summary>
Represents strongly named DataRow class.
</summary>
</member>
<member name="T:Planilla.DsEmpleado.Estado_EmpleadoRow">
<summary>
Represents strongly named DataRow class.
</summary>
</member>
<member name="T:Planilla.DsEmpleado.Empleado_DeduccionesRow">
<summary>
Represents strongly named DataRow class.
</summary>
</member>
<member name="T:Planilla.DsEmpleado.EmpleadoRow">
<summary>
Represents strongly named DataRow class.
</summary>
</member>
<member name="T:Planilla.DsEmpleado.NacionalidadRowChangeEvent">
<summary>
Row event argument class
</summary>
</member>
<member name="T:Planilla.DsEmpleado.DepartamentoRowChangeEvent">
<summary>
Row event argument class
</summary>
</member>
<member name="T:Planilla.DsEmpleado.MonedaRowChangeEvent">
<summary>
Row event argument class
</summary>
</member>
<member name="T:Planilla.DsEmpleado.Moneda2RowChangeEvent">
<summary>
Row event argument class
</summary>
</member>
<member name="T:Planilla.DsEmpleado.Empleado_AcademicoRowChangeEvent">
<summary>
Row event argument class
</summary>
</member>
<member name="T:Planilla.DsEmpleado.Empleado_LicenciasRowChangeEvent">
<summary>
Row event argument class
</summary>
</member>
<member name="T:Planilla.DsEmpleado.DistribucionContableRowChangeEvent">
<summary>
Row event argument class
</summary>
</member>
<member name="T:Planilla.DsEmpleado.EmpleadoDistribucionContableRowChangeEvent">
<summary>
Row event argument class
</summary>
</member>
<member name="T:Planilla.DsEmpleado.Estado_EmpleadoRowChangeEvent">
<summary>
Row event argument class
</summary>
</member>
<member name="T:Planilla.DsEmpleado.Empleado_DeduccionesRowChangeEvent">
<summary>
Row event argument class
</summary>
</member>
<member name="T:Planilla.DsEmpleado.EmpleadoRowChangeEvent">
<summary>
Row event argument class
</summary>
</member>
<member name="T:Planilla.DSReporEmpleado">
<summary>
Represents a strongly typed in-memory cache of data.
</summary>
</member>
<member name="T:Planilla.DSReporEmpleado.ProyectoDataTable">
<summary>
Represents the strongly named DataTable class.
</summary>
</member>
<member name="T:Planilla.DSReporEmpleado.ProyectoRow">
<summary>
Represents strongly named DataRow class.
</summary>
</member>
<member name="T:Planilla.DSReporEmpleado.ProyectoRowChangeEvent">
<summary>
Row event argument class
</summary>
</member>
<member name="T:Planilla.dsEstadoEmpleado">
<summary>
Represents a strongly typed in-memory cache of data.
</summary>
</member>
<member name="T:Planilla.dsEstadoEmpleado.Estado_EmpleadoDataTable">
<summary>
Represents the strongly named DataTable class.
</summary>
</member>
<member name="T:Planilla.dsEstadoEmpleado.Estado_EmpleadoRow">
<summary>
Represents strongly named DataRow class.
</summary>
</member>
<member name="T:Planilla.dsEstadoEmpleado.Estado_EmpleadoRowChangeEvent">
<summary>
Row event argument class
</summary>
</member>
<member name="T:Planilla.DataSetParametro">
<summary>
Represents a strongly typed in-memory cache of data.
</summary>
</member>
<member name="T:Planilla.DataSetParametro.ParametroRentaDataTable">
<summary>
Represents the strongly named DataTable class.
</summary>
</member>
<member name="T:Planilla.DataSetParametro.ParametroRentaRow">
<summary>
Represents strongly named DataRow class.
</summary>
</member>
<member name="T:Planilla.DataSetParametro.ParametroRentaRowChangeEvent">
<summary>
Row event argument class
</summary>
</member>
<member name="T:Planilla.DsLiquidacion">
<summary>
Represents a strongly typed in-memory cache of data.
</summary>
</member>
<member name="T:Planilla.DsLiquidacion.PlanillaDataTable">
<summary>
Represents the strongly named DataTable class.
</summary>
</member>
<member name="T:Planilla.DsLiquidacion.Planilla_DetalleDataTable">
<summary>
Represents the strongly named DataTable class.
</summary>
</member>
<member name="T:Planilla.DsLiquidacion.AdelantosDataTable">
<summary>
Represents the strongly named DataTable class.
</summary>
</member>
<member name="T:Planilla.DsLiquidacion.Estado_EmpleadoDataTable">
<summary>
Represents the strongly named DataTable class.
</summary>
</member>
<member name="T:Planilla.DsLiquidacion.MonedaDataTable">
<summary>
Represents the strongly named DataTable class.
</summary>
</member>
<member name="T:Planilla.DsLiquidacion.EmpleadoDataTable">
<summary>
Represents the strongly named DataTable class.
</summary>
</member>
<member name="T:Planilla.DsLiquidacion.AccionPersonalDataTable">
<summary>
Represents the strongly named DataTable class.
</summary>
</member>
<member name="T:Planilla.DsLiquidacion.liquidacionempleadosDataTable">
<summary>
Represents the strongly named DataTable class.
</summary>
</member>
<member name="T:Planilla.DsLiquidacion.PlanillaRow">
<summary>
Represents strongly named DataRow class.
</summary>
</member>
<member name="T:Planilla.DsLiquidacion.Planilla_DetalleRow">
<summary>
Represents strongly named DataRow class.
</summary>
</member>
<member name="T:Planilla.DsLiquidacion.AdelantosRow">
<summary>
Represents strongly named DataRow class.
</summary>
</member>
<member name="T:Planilla.DsLiquidacion.Estado_EmpleadoRow">
<summary>
Represents strongly named DataRow class.
</summary>
</member>
<member name="T:Planilla.DsLiquidacion.MonedaRow">
<summary>
Represents strongly named DataRow class.
</summary>
</member>
<member name="T:Planilla.DsLiquidacion.EmpleadoRow">
<summary>
Represents strongly named DataRow class.
</summary>
</member>
<member name="T:Planilla.DsLiquidacion.AccionPersonalRow">
<summary>
Represents strongly named DataRow class.
</summary>
</member>
<member name="T:Planilla.DsLiquidacion.liquidacionempleadosRow">
<summary>
Represents strongly named DataRow class.
</summary>
</member>
<member name="T:Planilla.DsLiquidacion.PlanillaRowChangeEvent">
<summary>
Row event argument class
</summary>
</member>
<member name="T:Planilla.DsLiquidacion.Planilla_DetalleRowChangeEvent">
<summary>
Row event argument class
</summary>
</member>
<member name="T:Planilla.DsLiquidacion.AdelantosRowChangeEvent">
<summary>
Row event argument class
</summary>
</member>
<member name="T:Planilla.DsLiquidacion.Estado_EmpleadoRowChangeEvent">
<summary>
Row event argument class
</summary>
</member>
<member name="T:Planilla.DsLiquidacion.MonedaRowChangeEvent">
<summary>
Row event argument class
</summary>
</member>
<member name="T:Planilla.DsLiquidacion.EmpleadoRowChangeEvent">
<summary>
Row event argument class
</summary>
</member>
<member name="T:Planilla.DsLiquidacion.AccionPersonalRowChangeEvent">
<summary>
Row event argument class
</summary>
</member>
<member name="T:Planilla.DsLiquidacion.liquidacionempleadosRowChangeEvent">
<summary>
Row event argument class
</summary>
</member>
<member name="T:Planilla.DsNacionalidad1">
<summary>
Represents a strongly typed in-memory cache of data.
</summary>
</member>
<member name="T:Planilla.DsNacionalidad1.NacionalidadDataTable">
<summary>
Represents the strongly named DataTable class.
</summary>
</member>
<member name="T:Planilla.DsNacionalidad1.NacionalidadRow">
<summary>
Represents strongly named DataRow class.
</summary>
</member>
<member name="T:Planilla.DsNacionalidad1.NacionalidadRowChangeEvent">
<summary>
Row event argument class
</summary>
</member>
<member name="T:Planilla.dsReporteProyecto">
<summary>
Represents a strongly typed in-memory cache of data.
</summary>
</member>
<member name="T:Planilla.dsReporteProyecto.ProyectoDataTable">
<summary>
Represents the strongly named DataTable class.
</summary>
</member>
<member name="T:Planilla.dsReporteProyecto.EmpleadoDataTable">
<summary>
Represents the strongly named DataTable class.
</summary>
</member>
<member name="T:Planilla.dsReporteProyecto.ProyectoRow">
<summary>
Represents strongly named DataRow class.
</summary>
</member>
<member name="T:Planilla.dsReporteProyecto.EmpleadoRow">
<summary>
Represents strongly named DataRow class.
</summary>
</member>
<member name="T:Planilla.dsReporteProyecto.ProyectoRowChangeEvent">
<summary>
Row event argument class
</summary>
</member>
<member name="T:Planilla.dsReporteProyecto.EmpleadoRowChangeEvent">
<summary>
Row event argument class
</summary>
</member>
<member name="T:Planilla.DataSetUsuario">
<summary>
Represents a strongly typed in-memory cache of data.
</summary>
</member>
<member name="T:Planilla.DataSetUsuario.MonedaDataTable">
<summary>
Represents the strongly named DataTable class.
</summary>
</member>
<member name="T:Planilla.DataSetUsuario.UsuariosDataTable">
<summary>
Represents the strongly named DataTable class.
</summary>
</member>
<member name="T:Planilla.DataSetUsuario.MonedaRow">
<summary>
Represents strongly named DataRow class.
</summary>
</member>
<member name="T:Planilla.DataSetUsuario.UsuariosRow">
<summary>
Represents strongly named DataRow class.
</summary>
</member>
<member name="T:Planilla.DataSetUsuario.MonedaRowChangeEvent">
<summary>
Row event argument class
</summary>
</member>
<member name="T:Planilla.DataSetUsuario.UsuariosRowChangeEvent">
<summary>
Row event argument class
</summary>
</member>
<member name="T:Planilla.DataSetUsuario_logging">
<summary>
Represents a strongly typed in-memory cache of data.
</summary>
</member>
<member name="T:Planilla.DataSetUsuario_logging.UsuariosDataTable">
<summary>
Represents the strongly named DataTable class.
</summary>
</member>
<member name="T:Planilla.DataSetUsuario_logging.UsuariosRow">
<summary>
Represents strongly named DataRow class.
</summary>
</member>
<member name="T:Planilla.DataSetUsuario_logging.UsuariosRowChangeEvent">
<summary>
Row event argument class
</summary>
</member>
</members>
</doc>
