﻿<?xml version="1.0"?>
<doc>
<assembly>
<name>
Utilidades
</name>
</assembly>
<members>
<member name="T:Utilidades.DataSetCatalogoInventario">
<summary>
Represents a strongly typed in-memory cache of data.
</summary>
</member>
<member name="T:Utilidades.DataSetCatalogoInventario.CatalogoInventarioDataTable">
<summary>
Represents the strongly named DataTable class.
</summary>
</member>
<member name="T:Utilidades.DataSetCatalogoInventario.CatalogoInventarioRow">
<summary>
Represents strongly named DataRow class.
</summary>
</member>
<member name="T:Utilidades.DataSetCatalogoInventario.CatalogoInventarioRowChangeEvent">
<summary>
Row event argument class
</summary>
</member>
<member name="T:Utilidades.DataSetUsuario_logging">
<summary>
Represents a strongly typed in-memory cache of data.
</summary>
</member>
<member name="T:Utilidades.DataSetUsuario_logging.UsuariosDataTable">
<summary>
Represents the strongly named DataTable class.
</summary>
</member>
<member name="T:Utilidades.DataSetUsuario_logging.UsuariosRow">
<summary>
Represents strongly named DataRow class.
</summary>
</member>
<member name="T:Utilidades.DataSetUsuario_logging.UsuariosRowChangeEvent">
<summary>
Row event argument class
</summary>
</member>
</members>
</doc>
